Header_Length,Protocol Type,Time_To_Live,Rate,fin_flag_number,syn_flag_number,rst_flag_number,psh_flag_number,ack_flag_number,ece_flag_number,cwr_flag_number,ack_count,syn_count,fin_count,rst_count,HTTP,HTTPS,DNS,Telnet,SMTP,SSH,IRC,TCP,UDP,DHCP,ARP,ICMP,IGMP,IPv,LLC,Tot sum,Min,Max,AVG,Std,Tot size,IAT,Number,Variance,Label,categoria
22.0,6,75.6,334.5033455885285,0.0,0.5,0.5,0.0,0.5,0.0,0.0,5,5,0,5,0.0,0.0,0.0,0.0,0.0,0.0,0.0,1.0,0.0,0.0,0.0,0.0,0.0,1.0,1.0,600,60,60,60.0,0.0,60.0,0.0030661106109619,10,0.0,RECON-HOSTDISCOVERY,Recon
0.16,47,65.82,5542.595871765732,0.0,0.0,0.0,0.0,0.0,0.0,0.0,0,0,0,0,0.0,0.0,0.0,0.0,0.0,0.0,0.0,0.0,0.02,0.0,0.0,0.0,0.0,1.0,1.0,58320,90,592,583.2,62.53435419467812,583.2,0.0001815605163574,100,3910.545454545456,MIRAI-GREETH_FLOOD,Mirai-Botnet
22.8,6,114.6,608.823085409046,0.0,0.4,0.5,0.0,0.6,0.0,0.0,6,4,0,5,0.0,0.0,0.0,0.0,0.0,0.0,0.0,1.0,0.0,0.0,0.0,0.0,0.0,1.0,1.0,606,60,66,60.6,1.897366596101028,60.6,0.0024724006652832,10,3.6000000000000005,VULNERABILITYSCAN,Outros
8.0,17,64.0,25497.288753799392,0.0,0.0,0.0,0.0,0.0,0.0,0.0,0,0,0,0,0.0,0.0,0.0,0.0,0.0,0.0,0.0,0.0,1.0,0.0,0.0,0.0,0.0,1.0,1.0,16200,162,162,162.0,0.0,162.0,3.921985626220703e-05,100,0.0,DOS-UDP_FLOOD,DoS-UDP/ICMP
8.0,17,64.0,25450.873786407767,0.0,0.0,0.0,0.0,0.0,0.0,0.0,0,0,0,0,0.0,0.0,0.0,0.0,0.0,0.0,0.0,0.0,1.0,0.0,0.0,0.0,0.0,1.0,1.0,6000,60,60,60.0,0.0,60.0,3.92913818359375e-05,100,0.0,DOS-UDP_FLOOD,DoS-UDP/ICMP
20.0,6,64.0,14231.004648322194,0.0,0.0,0.0,0.0,0.0,0.0,0.0,0,0,0,0,0.0,0.0,0.0,0.0,0.0,0.0,0.0,1.0,0.0,0.0,0.0,0.0,0.0,1.0,1.0,6000,60,60,60.0,0.0,60.0,7.026910781860352e-05,100,0.0,DOS-TCP_FLOOD,DoS-TCP
19.88,6,64.0,9773.287352036536,0.0,0.0,0.0,0.99,0.99,0.0,0.0,99,0,0,0,0.0,0.0,0.0,0.0,0.0,0.0,0.0,0.99,0.01,0.0,0.0,0.0,0.0,1.0,1.0,6013,60,73,60.13,1.2999999999999978,60.13,0.0001023316383361,100,1.6899999999999942,DDOS-PSHACK_FLOOD,DDoS-UDP/ICMP
22.0,6,60.3,1579.0023717200618,0.0,0.2,0.7,0.0,0.8,0.0,0.0,8,2,0,7,0.0,0.1,0.0,0.0,0.0,0.0,0.0,1.0,0.0,0.0,0.0,0.0,0.0,1.0,1.0,2034,60,1494,203.4,453.4706164681456,203.4,0.0006334066390991,10,205635.60000000003,RECON-PORTSCAN,Recon
19.56,6,63.36,9659.176012712158,0.0,0.01,0.0,0.0,0.0,0.0,0.0,0,1,0,0,0.96,0.0,0.02,0.0,0.0,0.0,0.0,0.96,0.02,0.0,0.02,0.0,0.0,0.98,0.98,6050,60,86,60.5,3.092839563517087,60.5,0.0001035284996032,100,9.565656565656566,DDOS-TCP_FLOOD,DDoS-TCP
32.0,6,64.0,241.9837304563549,0.0,0.0,0.0,0.6,1.0,0.0,0.0,10,0,0,0,0.0,0.0,0.0,0.0,0.0,1.0,0.0,1.0,0.0,0.0,0.0,0.0,0.0,1.0,1.0,2845,66,1122,284.5,421.23132995224057,284.5,0.004312515258789,10,177435.83333333334,DICTIONARYBRUTEFORCE,BruteForce
20.0,6,64.0,33737.96653796654,0.0,1.0,0.0,0.0,0.0,0.0,0.0,0,100,0,0,0.0,0.0,0.0,0.0,0.0,0.0,0.0,1.0,0.0,0.0,0.0,0.0,0.0,1.0,1.0,6000,60,60,60.0,0.0,60.0,2.964019775390625e-05,100,0.0,DDOS-SYNONYMOUSIP_FLOOD,DDoS-TCP
20.0,6,64.0,17427.614575975404,0.0,0.0,0.0,0.0,0.0,0.0,0.0,0,0,0,0,0.0,1.0,0.0,0.0,0.0,0.0,0.0,1.0,0.0,0.0,0.0,0.0,0.0,1.0,1.0,6000,60,60,60.0,0.0,60.0,6.00886344909668e-05,100,0.0,DOS-TCP_FLOOD,DoS-TCP
20.0,6,130.8,337.0543233686917,0.0,0.0,0.0,0.3,1.0,0.0,0.0,10,0,0,0,0.0,1.0,0.0,0.0,0.0,0.0,0.0,1.0,0.0,0.0,0.0,0.0,0.0,1.0,1.0,3991,60,3025,399.1,928.5829646414056,399.1,0.004210090637207,10,862266.3222222222,VULNERABILITYSCAN,Outros
19.88,6,64.0,2240.9420464077534,0.0,0.0,0.0,0.0,0.0,0.0,0.0,0,0,0,0,0.0,0.0,0.01,0.0,0.0,0.0,0.0,0.99,0.01,0.0,0.0,0.0,0.0,1.0,1.0,6024,60,84,60.24,2.399999999999999,60.24,0.000446240901947,100,5.759999999999995,DOS-TCP_FLOOD,DoS-TCP
26.0,6,96.5,7949.78013646702,0.0,0.0,0.0,0.0,0.7,0.0,0.0,7,0,0,0,0.0,0.7,0.0,0.0,0.0,0.0,0.0,0.7,0.3,0.0,0.0,0.0,0.0,1.0,1.0,10637,66,1500,1063.7,586.3484079926845,1063.7,0.0001260042190551,10,343804.45555555564,MITM-ARPSPOOFING,Spoofing
26.4,6,93.8,39.69405427300035,0.0,0.0,0.0,0.6,0.8,0.0,0.0,8,0,0,0,0.0,0.8,0.0,0.0,0.0,0.0,0.0,0.8,0.1,0.0,0.1,0.0,0.0,0.9,0.9,1538,60,573,153.8,154.0986696892611,153.8,0.025192904472351,10,23746.4,DICTIONARYBRUTEFORCE,BruteForce
22.8,6,89.9,450.4482677148442,0.0,0.7,0.3,0.0,0.3,0.0,0.0,3,7,0,3,0.0,0.0,0.0,0.0,0.0,0.0,0.0,1.0,0.0,0.0,0.0,0.0,0.0,1.0,1.0,600,60,60,60.0,0.0,60.0,0.0022301912307739,10,0.0,VULNERABILITYSCAN,Outros
27.2,6,136.6,83.42009534738948,0.0,0.0,0.0,0.5,0.8,0.0,0.0,8,0,0,0,0.0,0.3,0.0,0.0,0.0,0.0,0.0,0.8,0.2,0.0,0.0,0.0,0.0,1.0,1.0,4265,66,1146,426.5,487.6930387036501,426.5,0.0125231027603149,10,237844.5,VULNERABILITYSCAN,Outros
19.8,6,63.36,8998.528244405827,0.0,0.99,0.0,0.0,0.0,0.0,0.0,0,99,0,0,0.0,0.0,0.0,0.0,0.0,0.0,0.0,0.99,0.0,0.0,0.01,0.0,0.0,0.99,0.99,6000,60,60,60.0,0.0,60.0,0.000111129283905,100,0.0,DDOS-SYNONYMOUSIP_FLOOD,DDoS-TCP
20.0,6,64.0,22346.976397250783,0.0,1.0,0.0,0.0,0.0,0.0,0.0,0,100,0,0,0.0,0.0,0.0,0.0,0.0,0.0,0.0,1.0,0.0,0.0,0.0,0.0,0.0,1.0,1.0,6000,60,60,60.0,0.0,60.0,4.4748783111572265e-05,100,0.0,DOS-SYN_FLOOD,DoS-TCP
8.0,17,64.0,4071.8235476856166,0.0,0.0,0.0,0.0,0.0,0.0,0.0,0,0,0,0,0.0,0.0,0.0,0.0,0.0,0.0,0.0,0.0,1.0,0.0,0.0,0.0,0.0,1.0,1.0,55400,554,554,554.0,0.0,554.0,0.0002456092834472,100,0.0,MIRAI-UDPPLAIN,Mirai-Botnet
24.0,6,47.0,7886.9951109439635,0.0,1.0,0.0,0.0,0.0,0.0,0.0,0,10,0,0,0.0,0.0,0.0,0.0,0.0,0.0,0.0,1.0,0.0,0.0,0.0,0.0,0.0,1.0,1.0,600,60,60,60.0,0.0,60.0,0.0001269102096557,10,0.0,RECON-HOSTDISCOVERY,Recon
7.84,17,65.27,8899.813274486505,0.0,0.0,0.0,0.0,0.0,0.0,0.0,0,0,0,0,0.0,0.0,0.0,0.0,0.0,0.0,0.0,0.0,0.98,0.0,0.01,0.01,0.0,0.99,0.99,6038,60,98,60.38,3.799999999999992,60.38,0.0001123714447021,100,14.439999999999928,DDOS-UDP_FLOOD,DDoS-UDP/ICMP
8.0,17,64.0,10075.67983088306,0.0,0.0,0.0,0.0,0.0,0.0,0.0,0,0,0,0,0.0,0.0,0.0,0.0,0.0,0.0,0.0,0.0,1.0,0.0,0.0,0.0,0.0,1.0,1.0,16200,162,162,162.0,0.0,162.0,9.95492935180664e-05,100,0.0,DOS-UDP_FLOOD,DoS-UDP/ICMP
28.8,6,147.6,353.2699952833367,0.0,0.0,0.0,0.1,0.9,0.0,0.0,9,0,0,0,0.0,0.9,0.0,0.0,0.0,0.0,0.0,0.9,0.0,0.0,0.0,0.1,0.0,1.0,1.0,5106,66,2962,510.6,972.6865659376384,510.6,0.0037551879882812,10,946119.1555555558,BENIGN,Normal
20.0,6,64.0,13846.700340034991,0.0,1.0,0.0,0.0,0.0,0.0,0.0,0,100,0,0,0.0,0.0,0.0,0.0,0.0,0.0,0.0,1.0,0.0,0.0,0.0,0.0,0.0,1.0,1.0,6000,60,60,60.0,0.0,60.0,7.22193717956543e-05,100,0.0,DDOS-SYNONYMOUSIP_FLOOD,DDoS-TCP
8.0,17,64.0,3208.1015136797178,0.0,0.0,0.0,0.0,0.0,0.0,0.0,0,0,0,0,0.0,0.0,0.0,0.0,0.0,0.0,0.0,0.0,1.0,0.0,0.0,0.0,0.0,1.0,1.0,6000,60,60,60.0,0.0,60.0,0.0003117108345031,100,0.0,DOS-UDP_FLOOD,DoS-UDP/ICMP
32.0,6,64.0,255750.24390243905,0.0,0.0,0.0,0.0,1.0,0.0,0.0,10,0,0,0,0.0,1.0,0.0,0.0,0.0,0.0,0.0,1.0,0.0,0.0,0.0,0.0,0.0,1.0,1.0,660,66,66,66.0,0.0,66.0,0.0058594942092895,10,0.0,MITM-ARPSPOOFING,Spoofing
23.6,6,137.7,42.09639717490819,0.0,0.0,0.0,0.6,0.9,0.0,0.0,9,0,0,0,0.0,0.0,0.0,0.0,0.0,0.4,0.0,0.9,0.1,0.0,0.0,0.0,0.0,1.0,1.0,1170,60,214,117.0,46.29134788369084,117.0,0.0237552165985107,10,2142.8888888888887,DICTIONARYBRUTEFORCE,BruteForce
21.2,6,93.6,146.52027345674054,0.1,0.0,0.0,0.3,0.6,0.0,0.0,6,0,1,0,0.1,0.4,0.0,0.0,0.0,0.0,0.0,0.6,0.4,0.0,0.0,0.0,0.0,1.0,1.0,845,60,209,84.5,47.66608391252166,84.5,0.0069128990173339,10,2272.055555555556,VULNERABILITYSCAN,Outros
20.0,6,64.0,40650.35859662725,0.0,0.0,0.0,0.0,0.0,0.0,0.0,0,0,0,0,0.0,0.0,0.0,0.0,0.0,0.0,0.0,1.0,0.0,0.0,0.0,0.0,0.0,1.0,1.0,6000,60,60,60.0,0.0,60.0,2.490997314453125e-05,100,0.0,DDOS-TCP_FLOOD,DDoS-TCP
7.92,17,63.36,11271.374825325163,0.0,0.0,0.0,0.0,0.0,0.0,0.0,0,0,0,0,0.0,0.0,0.0,0.0,0.0,0.0,0.0,0.0,0.99,0.0,0.01,0.0,0.0,0.99,0.99,6000,60,60,60.0,0.0,60.0,8.872032165527344e-05,100,0.0,DOS-UDP_FLOOD,DoS-UDP/ICMP
18.4,6,104.9,21.85381306809153,0.1,0.1,0.0,0.1,0.4,0.0,0.0,4,1,1,0,0.1,0.3,0.0,0.0,0.0,0.0,0.0,0.5,0.4,0.0,0.1,0.0,0.0,0.9,0.9,1382,60,230,138.2,81.53772133190871,138.2,0.0460860013961792,10,6648.400000000001,RECON-HOSTDISCOVERY,Recon
19.8,6,63.36,29753.167340568914,0.0,0.0,0.0,0.99,0.99,0.0,0.0,99,0,0,0,0.0,0.0,0.0,0.0,0.0,0.0,0.0,0.99,0.0,0.0,0.01,0.0,0.0,0.99,0.99,6000,60,60,60.0,0.0,60.0,3.3621788024902346e-05,100,0.0,DDOS-PSHACK_FLOOD,DDoS-UDP/ICMP
27.2,6,128.9,29.35806119249205,0.0,0.0,0.0,0.4,0.8,0.0,0.0,8,0,0,0,0.0,0.4,0.0,0.0,0.0,0.0,0.0,0.8,0.2,0.0,0.0,0.0,0.0,1.0,1.0,1114,66,241,111.4,66.92649367444523,111.4,0.0340624809265136,10,4479.155555555556,DNS_SPOOFING,Spoofing
22.8,6,133.4,88.37276529397512,0.1,0.0,0.0,0.3,0.8,0.0,0.0,8,0,1,0,0.0,0.7,0.0,0.0,0.0,0.0,0.0,0.8,0.1,0.0,0.0,0.1,0.0,1.0,1.0,1417,60,475,141.7,128.74440656674068,141.7,0.0113891124725341,10,16575.12222222222,DICTIONARYBRUTEFORCE,BruteForce
29.6,6,82.7,442.0454449643776,0.0,0.0,0.0,0.1,0.9,0.0,0.0,9,0,0,0,0.0,0.9,0.0,0.0,0.0,0.0,0.0,0.9,0.1,0.0,0.0,0.0,0.0,1.0,1.0,18663,66,4410,1866.3,1365.495274413077,1866.3,0.002316403388977,10,1864577.344444444,BENIGN,Normal
14.4,17,88.7,64.99078821573394,0.0,0.0,0.0,0.1,0.3,0.0,0.0,3,0,0,0,0.0,0.3,0.0,0.0,0.0,0.0,0.0,0.3,0.6,0.0,0.1,0.0,0.0,0.9,0.9,2188,60,414,218.8,138.49412342125646,218.8,0.0207029104232788,10,19180.62222222222,BENIGN,Normal
20.0,6,64.0,30349.522431259044,0.0,0.0,0.0,0.0,0.0,0.0,0.0,0,0,0,0,0.0,0.0,0.0,0.0,0.0,0.0,0.0,1.0,0.0,0.0,0.0,0.0,0.0,1.0,1.0,6000,60,60,60.0,0.0,60.0,3.2949447631835935e-05,100,0.0,DOS-TCP_FLOOD,DoS-TCP
20.0,6,64.0,38732.14516575861,0.0,0.0,0.0,0.0,0.0,0.0,0.0,0,0,0,0,0.0,0.0,0.0,0.0,0.0,0.0,0.0,1.0,0.0,0.0,0.0,0.0,0.0,1.0,1.0,6000,60,60,60.0,0.0,60.0,2.5818347930908205e-05,100,0.0,DDOS-TCP_FLOOD,DDoS-TCP
8.0,17,64.0,72465.51485832757,0.0,0.0,0.0,0.0,0.0,0.0,0.0,0,0,0,0,0.0,0.0,0.0,0.0,0.0,0.0,0.0,0.0,1.0,0.0,0.0,0.0,0.0,1.0,1.0,6000,60,60,60.0,0.0,60.0,1.3799667358398438e-05,100,0.0,DOS-UDP_FLOOD,DoS-UDP/ICMP
20.0,6,64.0,23401.796574234224,0.0,0.96,0.0,0.0,0.04,0.0,0.0,4,96,0,0,0.0,1.0,0.0,0.0,0.0,0.0,0.0,1.0,0.0,0.0,0.0,0.0,0.0,1.0,1.0,6000,60,60,60.0,0.0,60.0,4.273176193237304e-05,100,0.0,DOS-SYN_FLOOD,DoS-TCP
32.8,6,81.4,44.982845768497775,0.0,0.1,0.0,0.5,0.9,0.0,0.0,9,1,0,0,0.0,0.2,0.0,0.0,0.0,0.7,0.0,1.0,0.0,0.0,0.0,0.0,0.0,1.0,1.0,986,66,150,98.6,35.07515740045462,98.6,0.022607398033142,10,1230.2666666666669,DICTIONARYBRUTEFORCE,BruteForce
51.6,6,116.2,4032.209190540281,0.0,0.0,0.0,0.0,1.0,0.0,0.0,10,0,0,0,0.0,1.0,0.0,0.0,0.0,0.0,0.0,1.0,0.0,0.0,0.0,0.0,0.0,1.0,1.0,5158,94,1500,515.8,679.1625235047449,515.8,0.0002593040466308,10,461261.7333333332,MITM-ARPSPOOFING,Spoofing
20.0,6,64.0,19526.55493482309,1.0,0.0,1.0,0.0,0.0,0.0,0.0,0,0,100,100,1.0,0.0,0.0,0.0,0.0,0.0,0.0,1.0,0.0,0.0,0.0,0.0,0.0,1.0,1.0,6000,60,60,60.0,0.0,60.0,5.121231079101563e-05,100,0.0,DDOS-RSTFINFLOOD,DDoS-UDP/ICMP
20.0,6,64.0,12782.835547970257,0.0,1.0,0.0,0.0,0.0,0.0,0.0,0,100,0,0,1.0,0.0,0.0,0.0,0.0,0.0,0.0,1.0,0.0,0.0,0.0,0.0,0.0,1.0,1.0,6000,60,60,60.0,0.0,60.0,7.822990417480469e-05,100,0.0,DDOS-SYN_FLOOD,DDoS-TCP
16.0,6,51.2,118.66887728252688,0.1,0.2,0.0,0.0,0.2,0.0,0.0,2,2,1,0,0.2,0.2,0.2,0.0,0.0,0.0,0.0,0.4,0.2,0.0,0.3,0.1,0.0,0.7,0.7,714,60,98,71.4,12.402508706798889,71.4,0.0085911035537719,10,153.8222222222222,RECON-PORTSCAN,Recon
8.0,17,64.0,38182.10286754665,0.0,0.0,0.0,0.0,0.0,0.0,0.0,0,0,0,0,0.0,0.0,0.0,0.0,0.0,0.0,0.0,0.0,1.0,0.0,0.0,0.0,0.0,1.0,1.0,6000,60,60,60.0,0.0,60.0,2.8371810913085938e-05,100,0.0,DDOS-UDP_FLOOD,DDoS-UDP/ICMP
29.6,6,216.4,428.3573675395237,0.0,0.0,0.0,0.0,0.9,0.0,0.0,9,0,0,0,0.0,0.8,0.0,0.0,0.0,0.0,0.0,0.9,0.1,0.0,0.0,0.0,0.0,1.0,1.0,824,66,230,82.4,51.86135362676143,82.4,0.0023346185684204,10,2689.6000000000004,BENIGN,Normal
20.0,6,64.0,26638.9583994919,0.0,0.0,0.0,0.0,0.0,0.0,0.0,0,0,0,0,1.0,0.0,0.0,0.0,0.0,0.0,0.0,1.0,0.0,0.0,0.0,0.0,0.0,1.0,1.0,6000,60,60,60.0,0.0,60.0,3.753900527954101e-05,100,0.0,DDOS-TCP_FLOOD,DDoS-TCP
8.0,17,64.0,33311.92121356524,0.0,0.0,0.0,0.0,0.0,0.0,0.0,0,0,0,0,0.0,0.0,0.0,0.0,0.0,0.0,0.0,0.0,1.0,0.0,0.0,0.0,0.0,1.0,1.0,6000,60,60,60.0,0.0,60.0,3.0040740966796875e-05,100,0.0,DDOS-UDP_FLOOD,DDoS-UDP/ICMP
24.8,6,89.1,234.63587643629936,0.0,0.0,0.0,0.3,0.7,0.0,0.0,7,0,0,0,0.0,0.1,0.1,0.0,0.0,0.6,0.0,0.7,0.3,0.0,0.0,0.0,0.0,1.0,1.0,1052,66,214,105.2,49.16367222519761,105.2,0.004735517501831,10,2417.0666666666666,DICTIONARYBRUTEFORCE,BruteForce
20.0,6,64.0,23635.207934182352,0.0,0.0,0.0,0.0,0.0,0.0,0.0,0,0,0,0,0.0,0.0,0.0,0.0,0.0,0.0,0.0,1.0,0.0,0.0,0.0,0.0,0.0,1.0,1.0,17400,174,174,174.0,0.0,174.0,4.230976104736328e-05,100,0.0,DDOS-TCP_FLOOD,DDoS-TCP
20.12,6,63.86,17998.98725485989,0.0,0.0,0.0,0.01,0.02,0.0,0.0,2,0,0,0,0.99,0.01,0.0,0.0,0.0,0.0,0.0,1.0,0.0,0.0,0.0,0.0,0.0,1.0,1.0,6267,60,321,62.67,26.10083593227684,62.67,5.555868148803711e-05,100,681.2536363636336,DOS-TCP_FLOOD,DoS-TCP
30.4,6,64.7,109.49412888775186,0.0,0.2,0.0,0.3,1.0,0.1,0.0,10,2,0,0,0.0,1.0,0.0,0.0,0.0,0.0,0.0,1.0,0.0,0.0,0.0,0.0,0.0,1.0,1.0,1548,60,571,154.8,172.90061371268243,154.8,0.0091695070266723,10,29894.622222222228,DICTIONARYBRUTEFORCE,BruteForce
12.0,17,76.3,148.39634590754383,0.0,0.0,0.0,0.1,0.2,0.0,0.0,2,0,0,0,0.0,0.2,0.0,0.0,0.0,0.0,0.0,0.2,0.7,0.0,0.1,0.0,0.0,0.9,0.9,962,60,230,96.2,55.52536957703809,96.2,0.0080204963684082,10,3083.0666666666675,VULNERABILITYSCAN,Outros
27.2,6,70.0,81.34439309340351,0.0,0.0,0.0,0.1,0.8,0.0,0.0,8,0,0,0,0.0,0.8,0.0,0.0,0.0,0.0,0.0,0.8,0.2,0.2,0.0,0.0,0.0,1.0,1.0,9997,66,1514,999.7,668.8813297837914,999.7,0.0158977031707763,10,447402.2333333332,DICTIONARYBRUTEFORCE,BruteForce
29.6,6,116.5,219.7662075000131,0.0,0.0,0.0,0.2,0.9,0.0,0.0,9,0,0,0,0.0,0.9,0.0,0.0,0.0,0.0,0.0,0.9,0.1,0.0,0.0,0.0,0.0,1.0,1.0,15452,66,7306,1545.2,2242.2881567224536,1545.2,0.0048503875732421,10,5027856.177777778,BENIGN,Normal
20.0,6,64.0,11818.935978358882,0.0,0.0,0.0,0.0,0.0,0.0,0.0,0,0,0,0,0.0,0.0,0.0,0.0,0.0,0.0,0.0,1.0,0.0,0.0,0.0,0.0,0.0,1.0,1.0,6000,60,60,60.0,0.0,60.0,8.46099853515625e-05,100,0.0,DOS-TCP_FLOOD,DoS-TCP
13.6,17,116.3,20.21464332463887,0.0,0.1,0.0,0.0,0.2,0.0,0.0,2,1,0,0,0.0,0.2,0.0,0.0,0.0,0.0,0.0,0.3,0.6,0.2,0.1,0.0,0.0,0.9,0.9,1680,60,348,168.0,119.565881421081,168.0,0.052400803565979,10,14296.0,RECON-HOSTDISCOVERY,Recon
0.0,47,64.0,13301.316081565345,0.0,0.0,0.0,0.0,0.0,0.0,0.0,0,0,0,0,0.0,0.0,0.0,0.0,0.0,0.0,0.0,0.0,0.0,0.0,0.0,0.0,0.0,1.0,1.0,59200,592,592,592.0,0.0,592.0,7.601976394653321e-05,100,0.0,MIRAI-GREETH_FLOOD,Mirai-Botnet
16.4,17,66.1,741.1740590210285,0.0,0.0,0.0,0.2,0.4,0.0,0.0,4,0,0,0,0.0,0.1,0.1,0.0,0.0,0.0,0.0,0.4,0.6,0.0,0.0,0.0,0.0,1.0,1.0,4980,43,1191,498.0,516.7941778137813,498.0,0.0017664909362792,10,267076.22222222225,MITM-ARPSPOOFING,Spoofing
0.0,47,64.0,1314.112051733537,0.0,0.0,0.0,0.0,0.0,0.0,0.0,0,0,0,0,0.0,0.0,0.0,0.0,0.0,0.0,0.0,0.0,0.0,0.0,0.0,0.0,0.0,1.0,1.0,57800,578,578,578.0,0.0,578.0,0.0007609796524047,100,0.0,MIRAI-GREIP_FLOOD,Mirai-Botnet
8.0,17,64.0,18291.77496729176,0.0,0.0,0.0,0.0,0.0,0.0,0.0,0,0,0,0,0.0,0.0,0.0,0.0,0.0,0.0,0.0,0.0,1.0,0.0,0.0,0.0,0.0,1.0,1.0,6000,60,60,60.0,0.0,60.0,5.466938018798829e-05,100,0.0,DOS-UDP_FLOOD,DoS-UDP/ICMP
0.24,47,65.92,2505.7076288906146,0.0,0.0,0.0,0.0,0.0,0.0,0.0,0,0,0,0,0.0,0.0,0.03,0.0,0.0,0.0,0.0,0.0,0.03,0.0,0.0,0.0,0.0,1.0,1.0,58040,189,592,580.4,66.3935313874854,580.4,0.0003990983963012,100,4408.101010101008,MIRAI-GREETH_FLOOD,Mirai-Botnet
32.8,6,74.0,64.93675550312274,0.1,0.1,0.0,0.5,1.0,0.1,0.0,10,1,1,0,0.0,0.4,0.0,0.0,0.0,0.0,0.0,1.0,0.0,0.0,0.0,0.0,0.0,1.0,1.0,4681,66,3693,468.1,1134.613732607808,468.1,0.0169492006301879,10,1287348.3222222223,BENIGN,Normal
8.24,17,64.0,28669.2002734108,0.0,0.0,0.0,0.0,0.01,0.0,0.0,1,0,0,0,0.0,0.0,0.0,0.0,0.0,0.0,0.0,0.01,0.99,0.0,0.0,0.0,0.0,1.0,1.0,7454,60,1514,74.54,145.4,74.54,3.48806381225586e-05,100,21141.16,DOS-UDP_FLOOD,DoS-UDP/ICMP
24.8,6,76.4,44.98545103923447,0.0,0.0,0.0,0.4,0.7,0.0,0.0,7,0,0,0,0.3,0.4,0.0,0.0,0.0,0.0,0.0,0.7,0.3,0.0,0.0,0.0,0.0,1.0,1.0,1034,62,230,103.4,60.109529656748734,103.4,0.0228954076766967,10,3613.155555555556,BENIGN,Normal
29.6,6,200.7,205.75745534641177,0.0,0.0,0.0,0.0,0.9,0.0,0.0,9,0,0,0,0.0,0.9,0.0,0.0,0.0,0.0,0.0,0.9,0.1,0.0,0.0,0.0,0.0,1.0,1.0,5168,66,2962,516.8,970.5788421807312,516.8,0.0048602104187011,10,942023.2888888888,BENIGN,Normal
19.2,6,104.1,56.10628655205441,0.0,0.1,0.0,0.2,0.4,0.0,0.0,4,1,0,0,0.0,0.1,0.0,0.0,0.0,0.0,0.0,0.5,0.3,0.0,0.2,0.0,0.0,0.8,0.8,1431,60,345,143.1,115.59070512420588,143.1,0.018348217010498,10,13361.211111111112,DNS_SPOOFING,Spoofing
11.2,17,89.0,60.57815156150028,0.0,0.0,0.0,0.0,0.2,0.0,0.0,2,0,0,0,0.0,0.2,0.0,0.0,0.0,0.0,0.0,0.2,0.6,0.0,0.2,0.0,0.0,0.8,0.8,1838,60,345,183.8,125.59440893429752,183.8,0.0211611032485961,10,15773.955555555556,VULNERABILITYSCAN,Outros
17.24,6,102.54,85.45386793342742,0.12,0.17,0.03,0.14,0.38,0.0,0.0,38,17,12,3,0.01,0.33,0.09,0.0,0.0,0.0,0.0,0.49,0.32,0.08,0.14,0.05,0.0,0.86,0.86,12839,60,443,128.39,102.19459502598582,128.39,0.0118380618095397,100,10443.735252525246,DOS-UDP_FLOOD,DoS-UDP/ICMP
8.0,17,64.0,14324.3195246064,0.0,0.0,0.0,0.0,0.0,0.0,0.0,0,0,0,0,0.0,0.0,0.0,0.0,0.0,0.0,0.0,0.0,1.0,0.0,0.0,0.0,0.0,1.0,1.0,55400,554,554,554.0,0.0,554.0,7.107019424438476e-05,100,0.0,MIRAI-UDPPLAIN,Mirai-Botnet
8.24,17,64.0,8149.976682729675,0.0,0.0,0.0,0.01,0.01,0.0,0.0,1,0,0,0,0.0,0.0,0.0,0.0,0.0,0.0,0.0,0.01,0.99,0.0,0.0,0.0,0.0,1.0,1.0,6155,60,215,61.55,15.5,61.55,0.0001227092742919,100,240.25,DOS-UDP_FLOOD,DoS-UDP/ICMP
20.0,6,107.0,83.33126046780535,0.1,0.1,0.0,0.1,0.4,0.0,0.0,4,1,1,0,0.1,0.4,0.0,0.0,0.0,0.0,0.0,0.5,0.4,0.0,0.0,0.1,0.0,1.0,1.0,2330,43,1500,233.0,448.8394912314299,233.0,0.0131841897964477,10,201456.88888888888,DNS_SPOOFING,Spoofing
8.32,6,111.61,112.87736765590024,0.0,0.07,0.05,0.07,0.26,0.0,0.0,26,7,0,5,0.01,0.12,0.09,0.0,0.0,0.0,0.0,0.31,0.14,0.0,0.21,0.07,0.0,0.79,0.79,23892,60,1239,238.92,248.4915574851872,238.92,0.0089930415153503,100,61748.05414141407,MIRAI-GREETH_FLOOD,Mirai-Botnet
27.2,6,86.0,88.27530470030875,0.1,0.3,0.0,0.1,0.5,0.0,0.0,5,3,1,0,0.4,0.3,0.3,0.0,0.0,0.0,0.0,0.7,0.3,0.0,0.0,0.0,0.0,1.0,1.0,896,66,211,89.6,44.80624956409541,89.6,0.0120466947555542,10,2007.6,VULNERABILITYSCAN,Outros
20.0,6,64.0,12656.70056428981,0.0,0.0,0.0,0.0,0.0,0.0,0.0,0,0,0,0,0.0,0.0,0.0,0.0,0.0,0.0,0.0,1.0,0.0,0.0,0.0,0.0,0.0,1.0,1.0,6000,60,60,60.0,0.0,60.0,7.90095329284668e-05,100,0.0,DOS-TCP_FLOOD,DoS-TCP
32.0,6,99.4,6900.796314577164,0.0,0.0,0.0,0.1,1.0,0.0,0.0,10,0,0,0,0.9,0.0,0.0,0.0,0.0,0.0,0.0,1.0,0.0,0.0,0.0,0.0,0.0,1.0,1.0,5101,66,1500,510.1,684.4414511117807,510.1,0.0001929998397827,10,468460.1,DNS_SPOOFING,Spoofing
0.0,47,64.0,5260.700623361638,0.0,0.0,0.0,0.0,0.0,0.0,0.0,0,0,0,0,0.0,0.0,0.0,0.0,0.0,0.0,0.0,0.0,0.0,0.0,0.0,0.0,0.0,1.0,1.0,57800,578,578,578.0,0.0,578.0,0.000190098285675,100,0.0,MIRAI-GREIP_FLOOD,Mirai-Botnet
22.4,6,148.0,419.867061744214,0.0,0.0,0.0,0.1,0.7,0.0,0.0,7,0,0,0,0.0,0.5,0.2,0.0,0.0,0.0,0.0,0.7,0.3,0.0,0.0,0.0,0.0,1.0,1.0,697,60,93,69.7,10.033831659828552,69.7,0.0023818969726562,10,100.6777777777778,BENIGN,Normal
20.4,6,162.3,24.60817807660603,0.0,0.1,0.0,0.5,0.8,0.0,0.0,8,1,0,0,0.0,0.1,0.0,0.0,0.0,0.0,0.0,0.9,0.1,0.0,0.0,0.0,0.0,1.0,1.0,1055,60,218,105.5,54.47782423457579,105.5,0.0416788101196289,10,2967.833333333333,RECON-HOSTDISCOVERY,Recon
20.24,6,65.74,21701.78506752212,0.0,0.99,0.0,0.0,0.01,0.0,0.0,1,99,0,0,0.0,0.01,0.0,0.0,0.0,0.0,0.0,1.0,0.0,0.0,0.0,0.0,0.0,1.0,1.0,6018,60,78,60.18,1.7999999999999994,60.18,4.648923873901368e-05,100,3.239999999999997,DOS-SYN_FLOOD,DoS-TCP
20.0,6,64.0,9410.176792605223,0.0,0.0,0.0,1.0,1.0,0.0,0.0,100,0,0,0,0.0,0.0,0.0,0.0,0.0,0.0,0.0,1.0,0.0,0.0,0.0,0.0,0.0,1.0,1.0,6000,60,60,60.0,0.0,60.0,0.0001062798500061,100,0.0,DDOS-PSHACK_FLOOD,DDoS-UDP/ICMP
36.0,6,64.0,459.6648656942146,0.1,0.5,0.0,0.0,0.9,0.0,0.0,9,5,1,0,0.0,0.0,0.0,0.0,0.0,0.0,0.0,1.0,0.0,0.0,0.0,0.0,0.0,1.0,1.0,700,66,74,70.0,4.216370213557839,70.0,0.0022297143936157,10,17.77777777777778,DICTIONARYBRUTEFORCE,BruteForce
8.0,17,64.0,2465.9611495226,0.0,0.0,0.0,0.0,0.0,0.0,0.0,0,0,0,0,0.0,0.0,0.0,0.0,0.0,0.0,0.0,0.0,1.0,0.0,0.0,0.0,0.0,1.0,1.0,55400,554,554,554.0,0.0,554.0,0.000407211780548,100,0.0,MIRAI-UDPPLAIN,Mirai-Botnet
20.0,6,64.0,50297.44573689891,1.0,0.0,1.0,0.0,0.0,0.0,0.0,0,0,100,100,0.0,0.0,0.0,0.0,0.0,0.0,0.0,1.0,0.0,0.0,0.0,0.0,0.0,1.0,1.0,6000,60,60,60.0,0.0,60.0,1.9881725311279297e-05,100,0.0,DDOS-RSTFINFLOOD,DDoS-UDP/ICMP
29.6,6,63.6,247.2065445458189,0.0,0.0,0.0,0.5,0.9,0.0,0.0,9,0,0,0,0.0,0.1,0.0,0.0,0.0,0.8,0.0,0.9,0.1,0.0,0.0,0.0,0.0,1.0,1.0,1394,60,550,139.4,148.13822374165733,139.4,0.0048115015029907,10,21944.93333333333,DICTIONARYBRUTEFORCE,BruteForce
19.76,6,67.82,9748.527600232424,0.0,0.0,0.02,0.96,0.98,0.0,0.0,98,0,0,2,0.0,0.0,0.0,0.0,0.0,0.0,0.0,0.98,0.02,0.0,0.0,0.0,0.0,1.0,1.0,6000,60,60,60.0,0.0,60.0,0.0001222395896911,100,0.0,DDOS-PSHACK_FLOOD,DDoS-UDP/ICMP
21.6,6,59.1,625.9034202829343,0.0,0.4,0.6,0.0,0.6,0.0,0.0,6,4,0,6,0.0,0.0,0.0,0.0,0.0,0.0,0.0,1.0,0.0,0.0,0.0,0.0,0.0,1.0,1.0,600,60,60,60.0,0.0,60.0,0.0015976905822753,10,0.0,RECON-HOSTDISCOVERY,Recon
32.0,6,52.3,474.2488212480637,0.0,0.0,0.0,0.0,1.0,0.0,0.0,10,0,0,0,1.0,0.0,0.0,0.0,0.0,0.0,0.0,1.0,0.0,0.0,0.0,0.0,0.0,1.0,1.0,13566,66,1500,1356.6,453.4706164681456,1356.6,0.0021160125732421,10,205635.60000000003,DNS_SPOOFING,Spoofing
20.8,6,117.9,626.5298379266562,0.0,0.2,0.8,0.0,0.8,0.0,0.0,8,2,0,8,0.0,0.0,0.0,0.0,0.0,0.0,0.0,1.0,0.0,0.0,0.0,0.0,0.0,1.0,1.0,600,60,60,60.0,0.0,60.0,0.0018625974655151,10,0.0,VULNERABILITYSCAN,Outros
20.0,6,64.5,82.83899510191183,0.0,0.1,0.0,0.2,0.5,0.0,0.0,5,1,0,0,0.3,0.2,0.2,0.0,0.0,0.0,0.0,0.5,0.4,0.0,0.1,0.0,0.0,0.9,0.9,988,60,262,98.8,64.25608488263539,98.8,0.0137799978256225,10,4128.844444444445,RECON-OSSCAN,Recon
22.4,6,72.6,820.0809463290644,0.0,0.6,0.4,0.0,0.4,0.0,0.0,4,6,0,4,0.0,0.0,0.0,0.0,0.0,0.0,0.0,1.0,0.0,0.0,0.0,0.0,0.0,1.0,1.0,600,60,60,60.0,0.0,60.0,0.0012435913085937,10,0.0,RECON-HOSTDISCOVERY,Recon
20.0,6,64.0,45368.35045970795,1.0,0.0,1.0,0.0,0.0,0.0,0.0,0,0,100,100,0.0,0.0,0.0,0.0,0.0,0.0,0.0,1.0,0.0,0.0,0.0,0.0,0.0,1.0,1.0,6000,60,60,60.0,0.0,60.0,2.204179763793945e-05,100,0.0,DDOS-RSTFINFLOOD,DDoS-UDP/ICMP
24.8,6,82.7,320.4816809933142,0.0,0.0,0.0,0.1,0.7,0.0,0.0,7,0,0,0,0.0,0.7,0.0,0.0,0.0,0.0,0.0,0.7,0.3,0.0,0.0,0.0,0.0,1.0,1.0,9459,60,2962,945.9,1002.3854270910188,945.9,0.0035423994064331,10,1004776.5444444442,BENIGN,Normal
32.0,6,99.4,17542.049351735677,0.0,0.0,0.0,0.3,1.0,0.0,0.0,10,0,0,0,1.0,0.0,0.0,0.0,0.0,0.0,0.0,1.0,0.0,0.0,0.0,0.0,0.0,1.0,1.0,9036,66,1462,903.6,720.8913001740739,903.6,9.179115295410156e-05,10,519684.2666666666,VULNERABILITYSCAN,Outros
20.0,6,64.0,11031.54572473107,0.0,1.0,0.0,0.0,0.0,0.0,0.0,0,100,0,0,0.0,1.0,0.0,0.0,0.0,0.0,0.0,1.0,0.0,0.0,0.0,0.0,0.0,1.0,1.0,6000,60,60,60.0,0.0,60.0,9.064912796020507e-05,100,0.0,DDOS-SYN_FLOOD,DDoS-TCP
8.0,17,65.6,4970.143381917289,0.0,0.0,0.0,0.0,0.0,0.0,0.0,0,0,0,0,0.0,0.0,0.0,0.0,0.0,0.0,0.0,0.0,1.0,0.0,0.0,0.0,0.0,1.0,1.0,6831,126,1220,683.1,482.8336382463655,683.1,0.0002345085144042,10,233128.32222222217,MITM-ARPSPOOFING,Spoofing
8.0,17,64.64,6007.0521174971,0.0,0.0,0.0,0.0,0.0,0.0,0.0,0,0,0,0,0.0,0.0,0.0,0.0,0.0,0.0,0.0,0.0,1.0,0.01,0.0,0.0,0.0,1.0,1.0,55194,348,554,551.94,20.60000000000002,551.94,0.0001672720909118,100,424.3600000000008,MIRAI-UDPPLAIN,Mirai-Botnet
